login,password
roberto.santos0,Senha0000
beatriz.martins1,Senha0001
bruna.souza2,Senha0002
elísio.barros3,Senha0003
clara.albuquerque4,Senha0004
joaquim.batista5,Senha0005
rebeca.reis6,Senha0006
marina.oliveira7,Senha0007
talita.batista8,Senha0008
júlio césar.nogueira9,Senha0009
ana clara.martins10,Senha0010
célia.nogueira11,Senha0011
lucas.saraiva12,Senha0012
lorraine.albuquerque13,Senha0013
maria helena.oliveira14,Senha0014
sílvia.martins15,Senha0015
hugo.carvalho16,Senha0016
kléber.oliveira17,Senha0017
félix.souza18,Senha0018
laura.santos19,Senha0019
deneval.oliveira20,Senha0020
isabella.oliveira21,Senha0021
morgana.nogueira22,Senha0022
pietro.barros23,Senha0023
washington.moraes24,Senha0024
leonardo.pereira25,Senha0025
mércia.barros26,Senha0026
davi.martins27,Senha0027
helena.santos28,Senha0028
samuel.santos29,Senha0029
maria júlia.franco30,Senha0030
lavínia.batista31,Senha0031
paulo.moreira32,Senha0032
calebe.souza33,Senha0033
anthony.moraes34,Senha0034
cauã.souza35,Senha0035
ana luiza.braga36,Senha0036
antonella.costa37,Senha0037
elisa.silva38,Senha0038
beatriz.carvalho39,Senha0039
eloá.silva40,Senha0040
lucca.martins41,Senha0041
danilo.silva42,Senha0042
silas.carvalho43,Senha0043
isabela.costa44,Senha0044
melissa.souza45,Senha0045
heloísa.silva46,Senha0046
guilherme.oliveira47,Senha0047
felícia.braga48,Senha0048
isis.carvalho49,Senha0049
pablo.martins50,Senha0050
joaquim.pereira51,Senha0051
marcela.carvalho52,Senha0052
eduardo.costa53,Senha0053
yuri.santos54,Senha0054
noah.carvalho55,Senha0055
guilherme.reis56,Senha0056
fábio.carvalho57,Senha0057
ana clara.carvalho58,Senha0058
breno.moraes59,Senha0059
paula.batista60,Senha0060
isabella.reis61,Senha0061
anthony.nogueira62,Senha0062
félix.oliveira63,Senha0063
maria helena.carvalho64,Senha0064
sílvia.carvalho65,Senha0065
vicente.franco66,Senha0066
roberto.saraiva67,Senha0067
enzo.franco68,Senha0068
maria eduarda.nogueira69,Senha0069
carlos.nogueira70,Senha0070
elisa.nogueira71,Senha0071
felícia.silva72,Senha0072
isabela.costa73,Senha0073
gael.martins74,Senha0074
rebeca.batista75,Senha0075
natália.reis76,Senha0076
lorraine.martins77,Senha0077
beatriz.reis78,Senha0078
manuela.santos79,Senha0079
joaquim.moraes80,Senha0080
sophia.macedo81,Senha0081
talita.reis82,Senha0082
fábio.silva83,Senha0083
joana.xavier84,Senha0084
márcia.moraes85,Senha0085
paulo.santos86,Senha0086
pedro.saraiva87,Senha0087
benício.moreira88,Senha0088
ricardo.albuquerque89,Senha0089
roberta.barros90,Senha0090
lívia.saraiva91,Senha0091
laura.saraiva92,Senha0092
théo.xavier93,Senha0093
théo.carvalho94,Senha0094
ana laura.pereira95,Senha0095
gúbio.pereira96,Senha0096
miguel.albuquerque97,Senha0097
júlio.carvalho98,Senha0098
lorenzo.nogueira99,Senha0099
júlio.melo100,Senha0100
vitor.melo101,Senha0101
pietro.martins102,Senha0102
bernardo.moreira103,Senha0103
caio.oliveira104,Senha0104
paula.albuquerque105,Senha0105
luiza.xavier106,Senha0106
eloá.costa107,Senha0107
paula.xavier108,Senha0108
yasmin.carvalho109,Senha0109
kléber.reis110,Senha0110
beatriz.barros111,Senha0111
nataniel.macedo112,Senha0112
maria júlia.macedo113,Senha0113
joão miguel.martins114,Senha0114
maria cecília.oliveira115,Senha0115
maria.santos116,Senha0116
arthur.reis117,Senha0117
vicente.santos118,Senha0118
gael.albuquerque119,Senha0119
marcela.moreira120,Senha0120
elísio.souza121,Senha0121
laura.melo122,Senha0122
márcia.nogueira123,Senha0123
beatriz.macedo124,Senha0124
vitor.costa125,Senha0125
cauã.albuquerque126,Senha0126
raul.melo127,Senha0127
felícia.carvalho128,Senha0128
benício.silva129,Senha0129
frederico.carvalho130,Senha0130
maria helena.nogueira131,Senha0131
marcelo.carvalho132,Senha0132
eduarda.oliveira133,Senha0133
mariana.barros134,Senha0134
césar.albuquerque135,Senha0135
morgana.reis136,Senha0136
isis.santos137,Senha0137
clara.franco138,Senha0138
sarah.barros139,Senha0139
hugo.martins140,Senha0140
antonella.batista141,Senha0141
raul.santos142,Senha0142
alessandra.batista143,Senha0143
talita.santos144,Senha0144
noah.moreira145,Senha0145
ricardo.xavier146,Senha0146
pietro.braga147,Senha0147
célia.nogueira148,Senha0148
felícia.silva149,Senha0149
rafaela.braga150,Senha0150
alícia.carvalho151,Senha0151
ladislau.martins152,Senha0152
pedro.batista153,Senha0153
mariana.macedo154,Senha0154
leonardo.xavier155,Senha0155
maitê.batista156,Senha0156
lara.albuquerque157,Senha0157
murilo.xavier158,Senha0158
daniel.xavier159,Senha0159
talita.silva160,Senha0160
mércia.oliveira161,Senha0161
dalila.melo162,Senha0162
margarida.santos163,Senha0163
emanuel.xavier164,Senha0164
caio.batista165,Senha0165
sarah.moraes166,Senha0166
luiza.melo167,Senha0167
pablo.moreira168,Senha0168
sílvia.macedo169,Senha0169
arthur.reis170,Senha0170
karla.moreira171,Senha0171
paulo.macedo172,Senha0172
emanuelly.souza173,Senha0173
mércia.braga174,Senha0174
aline.reis175,Senha0175
mariana.santos176,Senha0176
warley.costa177,Senha0177
rafael.pereira178,Senha0178
júlia.moraes179,Senha0179
maria.nogueira180,Senha0180
marina.nogueira181,Senha0181
esther.moreira182,Senha0182
eduarda.martins183,Senha0183
eloá.souza184,Senha0184
suélen.moraes185,Senha0185
aline.saraiva186,Senha0186
ana luiza.nogueira187,Senha0187
miguel.batista188,Senha0188
carlos.pereira189,Senha0189
isis.pereira190,Senha0190
frederico.santos191,Senha0191
aline.franco192,Senha0192
célia.souza193,Senha0193
deneval.santos194,Senha0194
roberto.franco195,Senha0195
lorena.carvalho196,Senha0196
marcela.macedo197,Senha0197
théo.pereira198,Senha0198
hugo.reis199,Senha0199
leonardo.souza200,Senha0200
alessandra.carvalho201,Senha0201
maria.souza202,Senha0202
heitor.franco203,Senha0203
fabiano.batista204,Senha0204
carlos.moraes205,Senha0205
ladislau.oliveira206,Senha0206
anthony.martins207,Senha0207
joão pedro.moreira208,Senha0208
maria cecília.nogueira209,Senha0209
maria alice.souza210,Senha0210
nicolas.carvalho211,Senha0211
isabela.saraiva212,Senha0212
ana clara.macedo213,Senha0213
murilo.carvalho214,Senha0214
anthony.nogueira215,Senha0215
luiza.batista216,Senha0216
danilo.braga217,Senha0217
carla.albuquerque218,Senha0218
carla.moraes219,Senha0219
ofélia.reis220,Senha0220
joão miguel.moraes221,Senha0221
césar.santos222,Senha0222
emanuelly.xavier223,Senha0223
lara.oliveira224,Senha0224
júlia.batista225,Senha0225
sirineu.carvalho226,Senha0226
lorraine.oliveira227,Senha0227
feliciano.santos228,Senha0228
yango.martins229,Senha0229
marli.souza230,Senha0230
ígor.albuquerque231,Senha0231
víctor.xavier232,Senha0232
sarah.braga233,Senha0233
gustavo.macedo234,Senha0234
lavínia.oliveira235,Senha0235
helena.xavier236,Senha0236
pedro henrique.martins237,Senha0237
giovanna.carvalho238,Senha0238
félix.oliveira239,Senha0239
alice.moreira240,Senha0240
joaquim.batista241,Senha0241
júlio.costa242,Senha0242
rafaela.souza243,Senha0243
fabiano.saraiva244,Senha0244
marcos.macedo245,Senha0245
júlia.costa246,Senha0246
rafael.moraes247,Senha0247
larissa.souza248,Senha0248
raul.barros249,Senha0249
beatriz.carvalho250,Senha0250
maria júlia.braga251,Senha0251
beatriz.braga252,Senha0252
ana clara.costa253,Senha0253
marcelo.carvalho254,Senha0254
carlos.melo255,Senha0255
rafael.franco256,Senha0256
lavínia.batista257,Senha0257
silas.macedo258,Senha0258
daniel.braga259,Senha0259
maria.melo260,Senha0260
isadora.barros261,Senha0261
clara.santos262,Senha0262
isis.martins263,Senha0263
isabel.oliveira264,Senha0264
sarah.nogueira265,Senha0265
rebeca.silva266,Senha0266
ana laura.nogueira267,Senha0267
júlia.braga268,Senha0268
césar.moreira269,Senha0269
kléber.moraes270,Senha0270
noah.silva271,Senha0271
morgana.albuquerque272,Senha0272
pietro.batista273,Senha0273
deneval.braga274,Senha0274
felipe.silva275,Senha0275
roberto.macedo276,Senha0276
enzo gabriel.souza277,Senha0277
lorraine.pereira278,Senha0278
pedro.silva279,Senha0279
isabel.souza280,Senha0280
kléber.moraes281,Senha0281
bryan.xavier282,Senha0282
raul.reis283,Senha0283
sílvia.santos284,Senha0284
bryan.pereira285,Senha0285
salvador.moreira286,Senha0286
liz.braga287,Senha0287
alícia.nogueira288,Senha0288
ana luiza.saraiva289,Senha0289
vitória.carvalho290,Senha0290
sophia.oliveira291,Senha0291
joaquim.xavier292,Senha0292
fabrício.carvalho293,Senha0293
caio.xavier294,Senha0294
ana luiza.franco295,Senha0295
liz.macedo296,Senha0296
lorraine.pereira297,Senha0297
célia.braga298,Senha0298
sophia.franco299,Senha0299
murilo.saraiva300,Senha0300
maria eduarda.barros301,Senha0301
laura.saraiva302,Senha0302
carlos.saraiva303,Senha0303
antonella.braga304,Senha0304
margarida.pereira305,Senha0305
enzo.barros306,Senha0306
anthony.xavier307,Senha0307
breno.macedo308,Senha0308
ana júlia.xavier309,Senha0309
yago.batista310,Senha0310
isis.carvalho311,Senha0311
alessandra.braga312,Senha0312
gustavo.xavier313,Senha0313
davi lucca.souza314,Senha0314
dalila.pereira315,Senha0315
célia.pereira316,Senha0316
yasmin.costa317,Senha0317
deneval.xavier318,Senha0318
silas.souza319,Senha0319
beatriz.barros320,Senha0320
anthony.silva321,Senha0321
hélio.moreira322,Senha0322
caio.nogueira323,Senha0323
lorraine.pereira324,Senha0324
noah.moreira325,Senha0325
ana júlia.moreira326,Senha0326
margarida.saraiva327,Senha0327
rafael.reis328,Senha0328
isabella.moraes329,Senha0329
samuel.franco330,Senha0330
joão pedro.moraes331,Senha0331
dalila.barros332,Senha0332
lorraine.costa333,Senha0333
yago.albuquerque334,Senha0334
célia.batista335,Senha0335
karla.carvalho336,Senha0336
pablo.souza337,Senha0337
yasmin.moraes338,Senha0338
alessandra.pereira339,Senha0339
eloá.nogueira340,Senha0340
eloá.barros341,Senha0341
alessandro.souza342,Senha0342
júlia.silva343,Senha0343
gabriel.macedo344,Senha0344
lara.melo345,Senha0345
hugo.saraiva346,Senha0346
henrique.moreira347,Senha0347
melissa.reis348,Senha0348
vitor.reis349,Senha0349
larissa.silva350,Senha0350
silas.braga351,Senha0351
márcia.oliveira352,Senha0352
lucas.xavier353,Senha0353
rafael.barros354,Senha0354
isis.souza355,Senha0355
isabel.silva356,Senha0356
fabrício.albuquerque357,Senha0357
cecília.costa358,Senha0358
suélen.moraes359,Senha0359
valentina.macedo360,Senha0360
joão.macedo361,Senha0361
júlio.batista362,Senha0362
mariana.melo363,Senha0363
mércia.barros364,Senha0364
enzo.souza365,Senha0365
benício.xavier366,Senha0366
yago.martins367,Senha0367
alessandra.reis368,Senha0368
enzo gabriel.pereira369,Senha0369
henrique.saraiva370,Senha0370
marcos.souza371,Senha0371
lorraine.nogueira372,Senha0372
marli.barros373,Senha0373
cecília.souza374,Senha0374
joão pedro.xavier375,Senha0375
bruna.santos376,Senha0376
gustavo.braga377,Senha0377
víctor.xavier378,Senha0378
vitória.oliveira379,Senha0379
fabrícia.carvalho380,Senha0380
helena.macedo381,Senha0381
lara.carvalho382,Senha0382
fábio.saraiva383,Senha0383
bryan.moreira384,Senha0384
maria clara.carvalho385,Senha0385
maria júlia.franco386,Senha0386
hélio.santos387,Senha0387
gúbio.xavier388,Senha0388
elísio.moreira389,Senha0389
tertuliano.albuquerque390,Senha0390
elísio.melo391,Senha0391
eloá.moraes392,Senha0392
maria alice.saraiva393,Senha0393
aline.macedo394,Senha0394
elísio.braga395,Senha0395
théo.silva396,Senha0396
helena.costa397,Senha0397
ana clara.moraes398,Senha0398
larissa.saraiva399,Senha0399
enzo gabriel.saraiva400,Senha0400
júlio.martins401,Senha0401
isadora.xavier402,Senha0402
isadora.barros403,Senha0403
valentina.saraiva404,Senha0404
larissa.reis405,Senha0405
ana clara.carvalho406,Senha0406
hélio.barros407,Senha0407
hélio.moraes408,Senha0408
nicolas.costa409,Senha0409
isabelly.costa410,Senha0410
davi lucca.albuquerque411,Senha0411
bruna.barros412,Senha0412
rafaela.oliveira413,Senha0413
dalila.moraes414,Senha0414
henrique.melo415,Senha0415
giovanna.albuquerque416,Senha0416
sarah.macedo417,Senha0417
júlio césar.martins418,Senha0418
davi.costa419,Senha0419
rafael.carvalho420,Senha0420
ana luiza.batista421,Senha0421
lívia.silva422,Senha0422
marina.braga423,Senha0423
helena.saraiva424,Senha0424
bryan.carvalho425,Senha0425
laura.oliveira426,Senha0426
joana.macedo427,Senha0427
ana clara.melo428,Senha0428
pedro.costa429,Senha0429
lívia.costa430,Senha0430
césar.franco431,Senha0431
davi.martins432,Senha0432
meire.silva433,Senha0433
natália.souza434,Senha0434
manuela.barros435,Senha0435
calebe.saraiva436,Senha0436
márcia.souza437,Senha0437
joana.pereira438,Senha0438
rafael.costa439,Senha0439
vicente.nogueira440,Senha0440
núbia.xavier441,Senha0441
daniel.barros442,Senha0442
maria cecília.xavier443,Senha0443
isabelly.souza444,Senha0444
gustavo.albuquerque445,Senha0445
yuri.macedo446,Senha0446
lara.moreira447,Senha0447
cecília.souza448,Senha0448
gúbio.souza449,Senha0449
isabela.souza450,Senha0450
emanuelly.xavier451,Senha0451
marcos.pereira452,Senha0452
júlio.pereira453,Senha0453
anthony.batista454,Senha0454
noah.melo455,Senha0455
heloísa.souza456,Senha0456
liz.moraes457,Senha0457
emanuel.braga458,Senha0458
paula.batista459,Senha0459
cauã.barros460,Senha0460
maria júlia.batista461,Senha0461
antonella.carvalho462,Senha0462
roberto.albuquerque463,Senha0463
suélen.oliveira464,Senha0464
liz.moreira465,Senha0465
bruna.santos466,Senha0466
carlos.batista467,Senha0467
natália.reis468,Senha0468
elisa.carvalho469,Senha0469
silas.carvalho470,Senha0470
noah.albuquerque471,Senha0471
sirineu.martins472,Senha0472
elisa.costa473,Senha0473
núbia.souza474,Senha0474
emanuelly.barros475,Senha0475
pedro henrique.moraes476,Senha0476
rafael.batista477,Senha0477
helena.carvalho478,Senha0478
larissa.souza479,Senha0479
carlos.oliveira480,Senha0480
marina.macedo481,Senha0481
yuri.franco482,Senha0482
rafael.santos483,Senha0483
antônio.nogueira484,Senha0484
eduarda.moreira485,Senha0485
enzo.pereira486,Senha0486
fabiano.santos487,Senha0487
núbia.saraiva488,Senha0488
joaquim.saraiva489,Senha0489
luiza.oliveira490,Senha0490
valentina.batista491,Senha0491
gael.franco492,Senha0492
tertuliano.costa493,Senha0493
liz.xavier494,Senha0494
sílvia.nogueira495,Senha0495
sarah.barros496,Senha0496
giovanna.costa497,Senha0497
marcos.macedo498,Senha0498
danilo.pereira499,Senha0499
gúbio.barros500,Senha0500
arthur.moreira501,Senha0501
maitê.oliveira502,Senha0502
bryan.melo503,Senha0503
yasmin.macedo504,Senha0504
morgana.costa505,Senha0505
rafaela.franco506,Senha0506
pietro.xavier507,Senha0507
raul.martins508,Senha0508
júlio césar.pereira509,Senha0509
caio.souza510,Senha0510
frederico.santos511,Senha0511
norberto.batista512,Senha0512
lucas.albuquerque513,Senha0513
manuela.macedo514,Senha0514
bryan.oliveira515,Senha0515
lucas.saraiva516,Senha0516
isadora.franco517,Senha0517
lucas.franco518,Senha0518
maria alice.martins519,Senha0519
lívia.moraes520,Senha0520
joão pedro.oliveira521,Senha0521
bernardo.saraiva522,Senha0522
meire.melo523,Senha0523
isaac.macedo524,Senha0524
maria.franco525,Senha0525
isaac.albuquerque526,Senha0526
roberta.barros527,Senha0527
nataniel.silva528,Senha0528
silas.souza529,Senha0529
washington.pereira530,Senha0530
yasmin.costa531,Senha0531
maitê.moreira532,Senha0532
karla.pereira533,Senha0533
núbia.moraes534,Senha0534
rafaela.franco535,Senha0535
heitor.carvalho536,Senha0536
margarida.carvalho537,Senha0537
carlos.franco538,Senha0538
maria.xavier539,Senha0539
fabiano.oliveira540,Senha0540
leonardo.saraiva541,Senha0541
gabriel.batista542,Senha0542
laura.pereira543,Senha0543
noah.saraiva544,Senha0544
ígor.oliveira545,Senha0545
marli.costa546,Senha0546
danilo.xavier547,Senha0547
isabelly.batista548,Senha0548
alessandra.franco549,Senha0549
danilo.franco550,Senha0550
murilo.oliveira551,Senha0551
mércia.oliveira552,Senha0552
ana laura.moraes553,Senha0553
vitor.batista554,Senha0554
norberto.pereira555,Senha0555
frederico.melo556,Senha0556
janaína.xavier557,Senha0557
matheus.martins558,Senha0558
noah.saraiva559,Senha0559
ana laura.saraiva560,Senha0560
ofélia.xavier561,Senha0561
antônio.moraes562,Senha0562
margarida.braga563,Senha0563
fabrício.albuquerque564,Senha0564
gúbio.martins565,Senha0565
danilo.moraes566,Senha0566
alessandro.barros567,Senha0567
hugo.macedo568,Senha0568
bruna.saraiva569,Senha0569
yango.oliveira570,Senha0570
antônio.albuquerque571,Senha0571
carla.costa572,Senha0572
ricardo.martins573,Senha0573
maria luiza.macedo574,Senha0574
marcela.carvalho575,Senha0575
paula.costa576,Senha0576
césar.martins577,Senha0577
pablo.carvalho578,Senha0578
alexandre.braga579,Senha0579
maria luiza.batista580,Senha0580
valentina.carvalho581,Senha0581
tertuliano.carvalho582,Senha0582
isadora.pereira583,Senha0583
marcela.souza584,Senha0584
isabella.nogueira585,Senha0585
danilo.melo586,Senha0586
gúbio.souza587,Senha0587
antônio.moreira588,Senha0588
roberto.reis589,Senha0589
maria clara.batista590,Senha0590
guilherme.moraes591,Senha0591
mariana.macedo592,Senha0592
nataniel.melo593,Senha0593
vitória.martins594,Senha0594
pedro henrique.carvalho595,Senha0595
yango.franco596,Senha0596
gabriel.carvalho597,Senha0597
rebeca.saraiva598,Senha0598
alice.moraes599,Senha0599
anthony.moraes600,Senha0600
gabriel.carvalho601,Senha0601
raul.pereira602,Senha0602
isabelly.franco603,Senha0603
gabriel.albuquerque604,Senha0604
marli.xavier605,Senha0605
césar.moreira606,Senha0606
isabela.santos607,Senha0607
vitória.melo608,Senha0608
joão pedro.saraiva609,Senha0609
fabrício.carvalho610,Senha0610
júlia.reis611,Senha0611
víctor.xavier612,Senha0612
samuel.nogueira613,Senha0613
júlia.pereira614,Senha0614
clara.carvalho615,Senha0615
maria eduarda.pereira616,Senha0616
carlos.carvalho617,Senha0617
noah.melo618,Senha0618
joão.carvalho619,Senha0619
célia.saraiva620,Senha0620
isabella.albuquerque621,Senha0621
césar.nogueira622,Senha0622
melissa.souza623,Senha0623
sílvia.braga624,Senha0624
davi.nogueira625,Senha0625
ana laura.carvalho626,Senha0626
lucca.silva627,Senha0627
alessandro.franco628,Senha0628
joão pedro.reis629,Senha0629
miguel.barros630,Senha0630
larissa.batista631,Senha0631
joana.souza632,Senha0632
nataniel.batista633,Senha0633
pedro.carvalho634,Senha0634
lara.souza635,Senha0635
miguel.carvalho636,Senha0636
larissa.melo637,Senha0637
eloá.albuquerque638,Senha0638
bryan.costa639,Senha0639
marcos.moraes640,Senha0640
margarida.melo641,Senha0641
dalila.batista642,Senha0642
maria luiza.braga643,Senha0643
luiza.carvalho644,Senha0644
norberto.barros645,Senha0645
norberto.silva646,Senha0646
miguel.franco647,Senha0647
morgana.martins648,Senha0648
karla.xavier649,Senha0649
matheus.macedo650,Senha0650
sophia.batista651,Senha0651
manuela.melo652,Senha0652
roberto.barros653,Senha0653
gabriel.batista654,Senha0654
caio.reis655,Senha0655
melissa.franco656,Senha0656
frederico.albuquerque657,Senha0657
feliciano.carvalho658,Senha0658
fabrício.carvalho659,Senha0659
benício.carvalho660,Senha0660
breno.reis661,Senha0661
eloá.silva662,Senha0662
rebeca.moraes663,Senha0663
enzo.nogueira664,Senha0664
maria cecília.albuquerque665,Senha0665
felipe.batista666,Senha0666
davi lucca.martins667,Senha0667
benício.oliveira668,Senha0668
salvador.oliveira669,Senha0669
maria júlia.moreira670,Senha0670
valentina.batista671,Senha0671
tertuliano.carvalho672,Senha0672
clara.carvalho673,Senha0673
gúbio.moreira674,Senha0674
davi.albuquerque675,Senha0675
maria cecília.saraiva676,Senha0676
maria alice.franco677,Senha0677
maria luiza.oliveira678,Senha0678
yango.xavier679,Senha0679
célia.albuquerque680,Senha0680
gustavo.martins681,Senha0681
antônio.reis682,Senha0682
melissa.melo683,Senha0683
yango.costa684,Senha0684
cecília.barros685,Senha0685
yago.nogueira686,Senha0686
mércia.batista687,Senha0687
emanuelly.silva688,Senha0688
víctor.martins689,Senha0689
joão miguel.batista690,Senha0690
yango.souza691,Senha0691
eduarda.martins692,Senha0692
eloá.batista693,Senha0693
davi.melo694,Senha0694
alexandre.braga695,Senha0695
isis.martins696,Senha0696
frederico.franco697,Senha0697
joão miguel.santos698,Senha0698
maitê.moreira699,Senha0699
davi lucca.albuquerque700,Senha0700
eloá.moraes701,Senha0701
cauã.carvalho702,Senha0702
rebeca.santos703,Senha0703
víctor.melo704,Senha0704
benjamin.silva705,Senha0705
eduardo.oliveira706,Senha0706
samuel.souza707,Senha0707
marli.carvalho708,Senha0708
daniel.franco709,Senha0709
isabella.franco710,Senha0710
davi lucca.braga711,Senha0711
heitor.silva712,Senha0712
caio.saraiva713,Senha0713
helena.reis714,Senha0714
arthur.nogueira715,Senha0715
lorraine.melo716,Senha0716
lorraine.carvalho717,Senha0717
sirineu.moreira718,Senha0718
césar.carvalho719,Senha0719
marcos.carvalho720,Senha0720
joana.franco721,Senha0721
eloá.carvalho722,Senha0722
ladislau.carvalho723,Senha0723
mariana.braga724,Senha0724
yango.silva725,Senha0725
carlos.barros726,Senha0726
henrique.oliveira727,Senha0727
bernardo.braga728,Senha0728
guilherme.albuquerque729,Senha0729
sílvia.franco730,Senha0730
yago.santos731,Senha0731
rebeca.saraiva732,Senha0732
isaac.saraiva733,Senha0733
maria luiza.batista734,Senha0734
rebeca.carvalho735,Senha0735
maria helena.nogueira736,Senha0736
felipe.nogueira737,Senha0737
benjamin.barros738,Senha0738
isis.macedo739,Senha0739
sarah.xavier740,Senha0740
maria júlia.moreira741,Senha0741
ana luiza.franco742,Senha0742
emanuel.xavier743,Senha0743
leonardo.costa744,Senha0744
matheus.nogueira745,Senha0745
joão lucas.batista746,Senha0746
félix.pereira747,Senha0747
marcelo.nogueira748,Senha0748
lorraine.moreira749,Senha0749
lucca.batista750,Senha0750
norberto.macedo751,Senha0751
théo.martins752,Senha0752
arthur.costa753,Senha0753
bernardo.carvalho754,Senha0754
clara.martins755,Senha0755
joão pedro.silva756,Senha0756
daniel.nogueira757,Senha0757
yango.franco758,Senha0758
lucas.costa759,Senha0759
mércia.albuquerque760,Senha0760
frederico.franco761,Senha0761
sílvia.pereira762,Senha0762
gúbio.santos763,Senha0763
yasmin.martins764,Senha0764
vitor.silva765,Senha0765
matheus.moraes766,Senha0766
bernardo.carvalho767,Senha0767
yuri.oliveira768,Senha0768
sílvia.souza769,Senha0769
emanuel.moraes770,Senha0770
marcela.carvalho771,Senha0771
bryan.oliveira772,Senha0772
sirineu.martins773,Senha0773
leonardo.santos774,Senha0774
ladislau.melo775,Senha0775
enzo gabriel.moreira776,Senha0776
eduardo.reis777,Senha0777
meire.albuquerque778,Senha0778
joão pedro.barros779,Senha0779
isaac.batista780,Senha0780
clara.melo781,Senha0781
bryan.moraes782,Senha0782
rebeca.batista783,Senha0783
paula.pereira784,Senha0784
washington.carvalho785,Senha0785
valentina.oliveira786,Senha0786
salvador.reis787,Senha0787
isabelly.silva788,Senha0788
sophia.franco789,Senha0789
joão miguel.barros790,Senha0790
elisa.costa791,Senha0791
joaquim.martins792,Senha0792
marina.souza793,Senha0793
ladislau.albuquerque794,Senha0794
ofélia.batista795,Senha0795
frederico.costa796,Senha0796
bernardo.carvalho797,Senha0797
ricardo.pereira798,Senha0798
célia.moreira799,Senha0799
pedro henrique.xavier800,Senha0800
yasmin.moraes801,Senha0801
alícia.franco802,Senha0802
paulo.silva803,Senha0803
gúbio.santos804,Senha0804
sarah.albuquerque805,Senha0805
maria helena.xavier806,Senha0806
maitê.costa807,Senha0807
leonardo.carvalho808,Senha0808
júlio.martins809,Senha0809
célia.xavier810,Senha0810
vicente.souza811,Senha0811
giovanna.albuquerque812,Senha0812
noah.moraes813,Senha0813
rafael.reis814,Senha0814
théo.albuquerque815,Senha0815
felícia.moraes816,Senha0816
ana luiza.pereira817,Senha0817
lucas.silva818,Senha0818
yango.batista819,Senha0819
pietro.saraiva820,Senha0820
kléber.nogueira821,Senha0821
ígor.carvalho822,Senha0822
laura.franco823,Senha0823
valentina.braga824,Senha0824
antônio.pereira825,Senha0825
davi lucca.macedo826,Senha0826
célia.xavier827,Senha0827
heloísa.macedo828,Senha0828
larissa.nogueira829,Senha0829
tertuliano.costa830,Senha0830
bruna.carvalho831,Senha0831
maria júlia.pereira832,Senha0832
fabrício.albuquerque833,Senha0833
rafaela.saraiva834,Senha0834
sarah.pereira835,Senha0835
luiza.barros836,Senha0836
eduardo.souza837,Senha0837
gúbio.franco838,Senha0838
larissa.moraes839,Senha0839
isabela.moreira840,Senha0840
karla.reis841,Senha0841
joana.franco842,Senha0842
manuela.carvalho843,Senha0843
vitória.moraes844,Senha0844
pedro.albuquerque845,Senha0845
isadora.costa846,Senha0846
ana clara.carvalho847,Senha0847
joão miguel.martins848,Senha0848
bernardo.souza849,Senha0849
guilherme.martins850,Senha0850
benjamin.melo851,Senha0851
nataniel.carvalho852,Senha0852
maitê.saraiva853,Senha0853
célia.carvalho854,Senha0854
dalila.moreira855,Senha0855
davi.barros856,Senha0856
joão miguel.costa857,Senha0857
joaquim.barros858,Senha0858
júlio césar.melo859,Senha0859
eduardo.barros860,Senha0860
aline.saraiva861,Senha0861
fábio.costa862,Senha0862
valentina.souza863,Senha0863
deneval.melo864,Senha0864
gustavo.martins865,Senha0865
laura.costa866,Senha0866
salvador.costa867,Senha0867
elisa.macedo868,Senha0868
emanuel.melo869,Senha0869
lucca.moraes870,Senha0870
gabriel.oliveira871,Senha0871
lucas.barros872,Senha0872
bryan.carvalho873,Senha0873
théo.saraiva874,Senha0874
luiza.silva875,Senha0875
maria clara.carvalho876,Senha0876
gabriel.oliveira877,Senha0877
maria clara.melo878,Senha0878
bryan.reis879,Senha0879
guilherme.xavier880,Senha0880
gabriel.costa881,Senha0881
vitor.pereira882,Senha0882
laura.oliveira883,Senha0883
lucas.oliveira884,Senha0884
sara.franco885,Senha0885
márcia.costa886,Senha0886
mércia.barros887,Senha0887
marina.nogueira888,Senha0888
vitor.carvalho889,Senha0889
dalila.silva890,Senha0890
salvador.saraiva891,Senha0891
guilherme.batista892,Senha0892
bryan.macedo893,Senha0893
lívia.santos894,Senha0894
felipe.costa895,Senha0895
elísio.costa896,Senha0896
talita.barros897,Senha0897
isis.saraiva898,Senha0898
isaac.moraes899,Senha0899
marcos.carvalho900,Senha0900
daniel.silva901,Senha0901
maria luiza.barros902,Senha0902
alícia.nogueira903,Senha0903
isabelly.melo904,Senha0904
eduarda.braga905,Senha0905
maria cecília.oliveira906,Senha0906
yuri.pereira907,Senha0907
davi.souza908,Senha0908
margarida.souza909,Senha0909
marina.barros910,Senha0910
ana clara.franco911,Senha0911
salvador.oliveira912,Senha0912
leonardo.braga913,Senha0913
danilo.nogueira914,Senha0914
alessandro.silva915,Senha0915
joão miguel.silva916,Senha0916
laura.batista917,Senha0917
lívia.souza918,Senha0918
ana júlia.carvalho919,Senha0919
joão pedro.moreira920,Senha0920
fabrícia.pereira921,Senha0921
yuri.souza922,Senha0922
daniel.braga923,Senha0923
mércia.carvalho924,Senha0924
arthur.martins925,Senha0925
esther.nogueira926,Senha0926
larissa.silva927,Senha0927
matheus.santos928,Senha0928
pedro.souza929,Senha0929
yago.martins930,Senha0930
salvador.moreira931,Senha0931
feliciano.moreira932,Senha0932
lucca.carvalho933,Senha0933
janaína.moreira934,Senha0934
antonella.albuquerque935,Senha0935
pedro.silva936,Senha0936
joão pedro.pereira937,Senha0937
sirineu.pereira938,Senha0938
nataniel.macedo939,Senha0939
samuel.martins940,Senha0940
gúbio.saraiva941,Senha0941
luiza.macedo942,Senha0942
karla.costa943,Senha0943
júlia.souza944,Senha0944
cauã.nogueira945,Senha0945
helena.oliveira946,Senha0946
rafaela.batista947,Senha0947
júlio.carvalho948,Senha0948
marli.costa949,Senha0949
maitê.carvalho950,Senha0950
karla.macedo951,Senha0951
heitor.oliveira952,Senha0952
lorraine.albuquerque953,Senha0953
tertuliano.nogueira954,Senha0954
maria helena.franco955,Senha0955
gabriel.moreira956,Senha0956
carlos.martins957,Senha0957
talita.carvalho958,Senha0958
heitor.moraes959,Senha0959
félix.barros960,Senha0960
helena.carvalho961,Senha0961
yasmin.saraiva962,Senha0962
ana laura.macedo963,Senha0963
noah.silva964,Senha0964
valentina.martins965,Senha0965
lara.martins966,Senha0966
joão.souza967,Senha0967
maria alice.pereira968,Senha0968
pablo.macedo969,Senha0969
feliciano.saraiva970,Senha0970
sophia.martins971,Senha0971
laura.braga972,Senha0972
caio.reis973,Senha0973
norberto.braga974,Senha0974
isabela.barros975,Senha0975
vitória.carvalho976,Senha0976
pedro henrique.martins977,Senha0977
feliciano.albuquerque978,Senha0978
rebeca.souza979,Senha0979
morgana.albuquerque980,Senha0980
mércia.silva981,Senha0981
valentina.costa982,Senha0982
rebeca.moreira983,Senha0983
cecília.reis984,Senha0984
gabriel.batista985,Senha0985
maria cecília.costa986,Senha0986
luiza.barros987,Senha0987
isadora.reis988,Senha0988
joão.albuquerque989,Senha0989
bernardo.pereira990,Senha0990
manuela.carvalho991,Senha0991
gustavo.moreira992,Senha0992
maria júlia.braga993,Senha0993
vicente.macedo994,Senha0994
danilo.oliveira995,Senha0995
suélen.moreira996,Senha0996
matheus.xavier997,Senha0997
sara.carvalho998,Senha0998
noah.carvalho999,Senha0999
